{
    "overall_accuracy": 0.9499635384529085,
    "f1_score": 0.9499097440785815,
    "precision": 0.9516455775080237,
    "recall": 0.9499635384529085,
    "auc": 0.9498268271028272,
    "domain_accuracies": {
        "wikihow": 0.9488122171945701,
        "arxiv": 0.9369834710743802,
        "wikipedia": 0.9316389132340053,
        "peerread": 0.9871064467766117,
        "reddit": 0.948101611581535
    },
    "model_accuracies": {
        "human": 0.9806768680889087,
        "cohere": 0.8968166849615807,
        "chatGPT": 0.9680950891460745,
        "davinci": 0.8862092391304348
    },
    "classification_report": {
        "0": {
            "precision": 0.9243078218759869,
            "recall": 0.9806768680889087,
            "f1-score": 0.9516583568176892,
            "support": 8953
        },
        "1": {
            "precision": 0.9792267050912584,
            "recall": 0.9189767861167456,
            "f1-score": 0.9481455644692478,
            "support": 8874
        },
        "accuracy": 0.9499635384529085,
        "macro avg": {
            "precision": 0.9517672634836227,
            "recall": 0.9498268271028272,
            "f1-score": 0.9499019606434684,
            "support": 17827
        },
        "weighted avg": {
            "precision": 0.9516455775080237,
            "recall": 0.9499635384529085,
            "f1-score": 0.9499097440785815,
            "support": 17827
        }
    }
}