{
    "overall_accuracy": 0.9589386885061985,
    "f1_score": 0.9589161377778777,
    "precision": 0.959766879345351,
    "recall": 0.9589386885061985,
    "auc": 0.9588434189201458,
    "domain_accuracies": {
        "wikihow": 0.9584276018099548,
        "arxiv": 0.9452479338842975,
        "wikipedia": 0.9404031551270815,
        "peerread": 0.9895052473763118,
        "reddit": 0.9633979786943458
    },
    "model_accuracies": {
        "human": 0.9803417848765776,
        "cohere": 0.9143798024149287,
        "chatGPT": 0.980606818892712,
        "davinci": 0.9116847826086957
    },
    "classification_report": {
        "0": {
            "precision": 0.9404264438015644,
            "recall": 0.9803417848765776,
            "f1-score": 0.9599693754785081,
            "support": 8953
        },
        "1": {
            "precision": 0.9792794914056981,
            "recall": 0.9373450529637142,
            "f1-score": 0.9578535237217872,
            "support": 8874
        },
        "accuracy": 0.9589386885061985,
        "macro avg": {
            "precision": 0.9598529676036313,
            "recall": 0.9588434189201459,
            "f1-score": 0.9589114496001476,
            "support": 17827
        },
        "weighted avg": {
            "precision": 0.959766879345351,
            "recall": 0.9589386885061985,
            "f1-score": 0.9589161377778777,
            "support": 17827
        }
    }
}