{
    "overall_accuracy": 0.9507488640825714,
    "f1_score": 0.9506922134501308,
    "precision": 0.952560852141225,
    "recall": 0.9507488640825714,
    "auc": 0.9506071964072716,
    "domain_accuracies": {
        "wikihow": 0.9502262443438914,
        "arxiv": 0.9351756198347108,
        "wikipedia": 0.9336839030090563,
        "peerread": 0.9853073463268366,
        "reddit": 0.9521988527724665
    },
    "model_accuracies": {
        "human": 0.9825756729587848,
        "cohere": 0.8946212952799122,
        "chatGPT": 0.9730997810447294,
        "davinci": 0.8817934782608695
    },
    "classification_report": {
        "0": {
            "precision": 0.9241516966067864,
            "recall": 0.9825756729587848,
            "f1-score": 0.9524686011260286,
            "support": 8953
        },
        "1": {
            "precision": 0.9812229176697159,
            "recall": 0.9186387198557584,
            "f1-score": 0.9489000116400884,
            "support": 8874
        },
        "accuracy": 0.9507488640825714,
        "macro avg": {
            "precision": 0.9526873071382511,
            "recall": 0.9506071964072715,
            "f1-score": 0.9506843063830586,
            "support": 17827
        },
        "weighted avg": {
            "precision": 0.952560852141225,
            "recall": 0.9507488640825714,
            "f1-score": 0.9506922134501308,
            "support": 17827
        }
    }
}