{
    "overall_accuracy": 0.9439614068547708,
    "f1_score": 0.9438851035989684,
    "precision": 0.9460968818026515,
    "recall": 0.9439614068547708,
    "auc": 0.9438064307530818,
    "domain_accuracies": {
        "wikihow": 0.9437217194570136,
        "arxiv": 0.921745867768595,
        "wikipedia": 0.9193689745836985,
        "peerread": 0.9850074962518741,
        "reddit": 0.9532914504233816
    },
    "model_accuracies": {
        "human": 0.9787780632190327,
        "cohere": 0.8869374313940724,
        "chatGPT": 0.9696590553644041,
        "davinci": 0.8631114130434783
    },
    "classification_report": {
        "0": {
            "precision": 0.9154826577517761,
            "recall": 0.9787780632190327,
            "f1-score": 0.9460728744939271,
            "support": 8953
        },
        "1": {
            "precision": 0.9769836462749849,
            "recall": 0.908834798287131,
            "f1-score": 0.9416778562671493,
            "support": 8874
        },
        "accuracy": 0.9439614068547708,
        "macro avg": {
            "precision": 0.9462331520133804,
            "recall": 0.9438064307530818,
            "f1-score": 0.9438753653805382,
            "support": 17827
        },
        "weighted avg": {
            "precision": 0.9460968818026515,
            "recall": 0.9439614068547708,
            "f1-score": 0.9438851035989684,
            "support": 17827
        }
    }
}