{
    "overall_accuracy": 0.9254501598698603,
    "f1_score": 0.9251397245325612,
    "precision": 0.9321054505134474,
    "recall": 0.9254501598698603,
    "auc": 0.9251730124167072,
    "domain_accuracies": {
        "wikihow": 0.9309954751131222,
        "arxiv": 0.8992768595041323,
        "wikipedia": 0.8884019865614957,
        "peerread": 0.9826086956521739,
        "reddit": 0.9303468997541655
    },
    "model_accuracies": {
        "human": 0.9877136155478611,
        "cohere": 0.822905232345408,
        "chatGPT": 0.9468251485767908,
        "davinci": 0.8080842391304348
    },
    "classification_report": {
        "0": {
            "precision": 0.8788511230371695,
            "recall": 0.9877136155478611,
            "f1-score": 0.930107809623981,
            "support": 8953
        },
        "1": {
            "precision": 0.9858338699291693,
            "recall": 0.8626324092855533,
            "f1-score": 0.9201274115030951,
            "support": 8874
        },
        "accuracy": 0.9254501598698603,
        "macro avg": {
            "precision": 0.9323424964831695,
            "recall": 0.9251730124167072,
            "f1-score": 0.925117610563538,
            "support": 17827
        },
        "weighted avg": {
            "precision": 0.9321054505134474,
            "recall": 0.9254501598698603,
            "f1-score": 0.9251397245325612,
            "support": 17827
        }
    }
}