{
    "overall_accuracy": 0.859415231447044,
    "f1_score": 0.859392867649566,
    "precision": 0.859425,
    "recall": 0.859464,
    "auc": 0.933915928497341,
    "domain_accuracies": {
        "wikihow": 0.867929864253393,
        "arxiv": 0.771694214876033,
        "wikipedia": 0.894244814490213,
        "peerread": 0.919940029985007,
        "reddit": 0.855934762911507
    },
    "model_accuracies": {
        "human": 0.867977214341561,
        "cohere": 0.802349979018044,
        "chatGPT": 0.912730685017203,
        "davinci": 0.821671195652174
    }

}