{
    "overall_accuracy": 0.896092006637294,
    "f1_score": 0.896101690079139,
    "precision": 0.896223,
    "recall": 0.896157,
    "auc": 0.966472206936238,
    "domain_accuracies": {
        "wikihow": 0.902149321266968,
        "arxiv": 0.819989669421487,
        "wikipedia": 0.905638328951212,
        "peerread": 0.972413793103448,
        "reddit": 0.891875566294171
    },
    "model_accuracies": {
        "human": 0.894002010499274,
        "cohere": 0.871590432228283,
        "chatGPT": 0.955896152643102,
        "davinci": 0.857336956521739
    }

}