{
    "overall_accuracy": 0.907650054357155,
    "f1_score": 0.907607874193406,
    "precision": 0.907873,
    "recall": 0.907702,
    "auc": 0.970893111809767,
    "domain_accuracies": {
        "wikihow": 0.910350678733031,
        "arxiv": 0.84245867768595,
        "wikipedia": 0.929009640666082,
        "peerread": 0.961019490254872,
        "reddit": 0.905164602839021
    },
    "model_accuracies": {
        "human": 0.921925611526862,
        "cohere": 0.85564414603441,
        "chatGPT": 0.945573975602127,
        "davinci": 0.865149456521739
    }

}