{
    "overall_accuracy": 0.810837100188819,
    "f1_score": 0.810848016286531,
    "precision": 0.810925,
    "recall": 0.810889,
    "auc": 0.894954079500523,
    "domain_accuracies": {
        "wikihow": 0.830316742081448,
        "arxiv": 0.725464876033057,
        "wikipedia": 0.847794332456909,
        "peerread": 0.837481259370314,
        "reddit": 0.824826336454243
    },
    "model_accuracies": {
        "human": 0.812800178711046,
        "cohere": 0.755770037767519,
        "chatGPT": 0.869252424147638,
        "davinci": 0.786005434782608
    }

}