{
    "overall_accuracy": 0.7687421646468867,
    "f1_score": 0.7679856611157089,
    "precision": 0.7725611101556528,
    "recall": 0.7687421646468867,
    "auc": 0.7689115674769489,
    "domain_accuracies": {
        "story": 0.7711205815993983,
        "essay": 0.6654929577464789,
        "news": 0.869
    },
    "model_accuracies": {
        "human": 0.711,
        "GPT4": 0.8610455311973019,
        "chatGPT": 0.793
    },
    "classification_report": {
        "0": {
            "precision": 0.8050575580298169,
            "recall": 0.711,
            "f1-score": 0.7551110717762632,
            "support": 6000
        },
        "1": {
            "precision": 0.7398739873987399,
            "recall": 0.8268231349538977,
            "f1-score": 0.7809357928905074,
            "support": 5965
        },
        "accuracy": 0.7687421646468867,
        "macro avg": {
            "precision": 0.7724657727142784,
            "recall": 0.7689115674769489,
            "f1-score": 0.7680234323333853,
            "support": 11965
        },
        "weighted avg": {
            "precision": 0.7725611101556528,
            "recall": 0.7687421646468867,
            "f1-score": 0.7679856611157089,
            "support": 11965
        }
    }
}