{
    "overall_accuracy": 0.7768491433347263,
    "f1_score": 0.7750290152135004,
    "precision": 0.7865401959963619,
    "recall": 0.7768491433347263,
    "auc": 0.7771146968426934,
    "domain_accuracies": {
        "story": 0.8074705439959889,
        "essay": 0.6501509054325956,
        "news": 0.87225
    },
    "model_accuracies": {
        "human": 0.6863333333333334,
        "GPT4": 0.8883642495784149,
        "chatGPT": 0.8476666666666667
    },
    "classification_report": {
        "0": {
            "precision": 0.8393803505911129,
            "recall": 0.6863333333333334,
            "f1-score": 0.7551806345131121,
            "support": 6000
        },
        "1": {
            "precision": 0.7333899985833687,
            "recall": 0.8678960603520537,
            "f1-score": 0.7949938574938575,
            "support": 5965
        },
        "accuracy": 0.7768491433347263,
        "macro avg": {
            "precision": 0.7863851745872408,
            "recall": 0.7771146968426935,
            "f1-score": 0.7750872460034848,
            "support": 11965
        },
        "weighted avg": {
            "precision": 0.7865401959963619,
            "recall": 0.7768491433347263,
            "f1-score": 0.7750290152135004,
            "support": 11965
        }
    }
}