{
    "overall_accuracy": 0.7676556623485165,
    "f1_score": 0.7674234396875083,
    "precision": 0.7688782836858362,
    "recall": 0.7676556623485165,
    "auc": 0.7677504889633976,
    "domain_accuracies": {
        "story": 0.7791426422662321,
        "essay": 0.6888832997987927,
        "news": 0.8345
    },
    "model_accuracies": {
        "human": 0.7353333333333333,
        "GPT4": 0.8286677908937605,
        "chatGPT": 0.772
    },
    "classification_report": {
        "0": {
            "precision": 0.7872947894361171,
            "recall": 0.7353333333333333,
            "f1-score": 0.760427438814202,
            "support": 6000
        },
        "1": {
            "precision": 0.7503537179688728,
            "recall": 0.8001676445934619,
            "f1-score": 0.7744604900210937,
            "support": 5965
        },
        "accuracy": 0.7676556623485165,
        "macro avg": {
            "precision": 0.768824253702495,
            "recall": 0.7677504889633976,
            "f1-score": 0.7674439644176478,
            "support": 11965
        },
        "weighted avg": {
            "precision": 0.7688782836858362,
            "recall": 0.7676556623485165,
            "f1-score": 0.7674234396875083,
            "support": 11965
        }
    }
}