{
    "overall_accuracy": 0.7770162975344755,
    "f1_score": 0.7769631628549147,
    "precision": 0.7772166263388878,
    "recall": 0.7770162975344755,
    "auc": 0.7769733165688739,
    "domain_accuracies": {
        "story": 0.7686136876410128,
        "essay": 0.727112676056338,
        "news": 0.835
    },
    "model_accuracies": {
        "human": 0.7916666666666666,
        "GPT4": 0.7925801011804384,
        "chatGPT": 0.7323333333333333
    },
    "classification_report": {
        "0": {
            "precision": 0.7701037613488976,
            "recall": 0.7916666666666666,
            "f1-score": 0.7807363576594346,
            "support": 6000
        },
        "1": {
            "precision": 0.7843712264964637,
            "recall": 0.7622799664710813,
            "f1-score": 0.7731678286005781,
            "support": 5965
        },
        "accuracy": 0.7770162975344755,
        "macro avg": {
            "precision": 0.7772374939226807,
            "recall": 0.7769733165688739,
            "f1-score": 0.7769520931300063,
            "support": 11965
        },
        "weighted avg": {
            "precision": 0.7772166263388878,
            "recall": 0.7770162975344755,
            "f1-score": 0.7769631628549147,
            "support": 11965
        }
    }
}