{
    "overall_accuracy": 0.7666527371500209,
    "f1_score": 0.7663674407788181,
    "precision": 0.7681259876546884,
    "recall": 0.7666527371500209,
    "auc": 0.766757334450964,
    "domain_accuracies": {
        "story": 0.7620957633492104,
        "essay": 0.6755533199195171,
        "news": 0.86175
    },
    "model_accuracies": {
        "human": 0.731,
        "GPT4": 0.8320404721753795,
        "chatGPT": 0.7733333333333333
    },
    "classification_report": {
        "0": {
            "precision": 0.7882818116462976,
            "recall": 0.731,
            "f1-score": 0.7585610515392597,
            "support": 6000
        },
        "1": {
            "precision": 0.7478518981409155,
            "recall": 0.8025146689019279,
            "f1-score": 0.7742196344816432,
            "support": 5965
        },
        "accuracy": 0.7666527371500209,
        "macro avg": {
            "precision": 0.7680668548936065,
            "recall": 0.766757334450964,
            "f1-score": 0.7663903430104515,
            "support": 11965
        },
        "weighted avg": {
            "precision": 0.7681259876546884,
            "recall": 0.7666527371500209,
            "f1-score": 0.7663674407788181,
            "support": 11965
        }
    }
}