{
    "overall_accuracy": 0.746928541579607,
    "f1_score": 0.74624231915266,
    "precision": 0.7499267,
    "recall": 0.746938,
    "auc": 0.825725817267393,
    "domain_accuracies": {
        "story": 0.745550263223865,
        "essay": 0.671026156941649,
        "news": 0.82375
    },
    "model_accuracies": {
        "human": 0.694333333333333,
        "GPT4": 0.811467116357504,
        "chatGPT": 0.788333333333333
    }

}