{
    "domain_accuracy": {
        "essay": 0.5321931589537223,
        "news": 0.58125,
        "story": 0.5284532464276761
    },
    "model_accuracy": {
        "GPT4": 0.9885328836424958,
        "chatGPT": 0.9973333333333333,
        "human": 0.10433333333333333
    }
}