{
    "accuracy": 0.5473464270789804,
    "precision": 0.5242984863238028,
    "recall": 0.9929589270746019,
    "f1_score": 0.686247248291044,
    "auc": 0.5486461302039676
}