{
    "domain_accuracy": {
        "QA": 0.995,
        "blog": 0.8269230769230769,
        "news": 0.5196078431372549,
        "speech": 0.5224358974358975
    },
    "model_accuracy": {
        "GPT4": 0.9777777777777777,
        "human": 0.2838709677419355,
        "other": 0.99
    },
    "dataset_accuracy": {
        "MixsetCOMPLETE": 0.9870967741935484,
        "MixsetHUMANIZE": 1.0,
        "MixsetPOLISH_SENTENCE": 0.9419354838709677,
        "MixsetREWRITE": 0.9612903225806452
    }
}