{
    "accuracy": 0.769281045751634,
    "precision": 0.7583454281567489,
    "recall": 0.9812206572769953,
    "f1_score": 0.8555055259926321,
    "auc": 0.6325458125094654
}