{
    "overall_accuracy": 0.46601307189542485,
    "f1_score": 0.48344190618761534,
    "precision": 0.5736548422490009,
    "recall": 0.46601307189542485,
    "auc": 0.4964864455550507,
    "domain_accuracies": {
        "QA": 0.33666666666666667,
        "blog": 0.5352564102564102,
        "news": 0.5228758169934641,
        "speech": 0.5897435897435898
    },
    "model_accuracies": {
        "other": 0.61,
        "human": 0.5741935483870968,
        "GPT4": 0.3437908496732026
    },
    "classification_report": {
        "0": {
            "precision": 0.3013544018058691,
            "recall": 0.5741935483870968,
            "f1-score": 0.39526276831976315,
            "support": 465
        },
        "1": {
            "precision": 0.6925465838509317,
            "recall": 0.4187793427230047,
            "f1-score": 0.5219426565242832,
            "support": 1065
        },
        "accuracy": 0.46601307189542485,
        "macro avg": {
            "precision": 0.4969504928284004,
            "recall": 0.4964864455550507,
            "f1-score": 0.45860271242202316,
            "support": 1530
        },
        "weighted avg": {
            "precision": 0.5736548422490009,
            "recall": 0.46601307189542485,
            "f1-score": 0.48344190618761534,
            "support": 1530
        }
    }
}