{
    "overall_accuracy": 0.45294117647058824,
    "f1_score": 0.4720125042947843,
    "precision": 0.5537210004121769,
    "recall": 0.45294117647058824,
    "auc": 0.47437528396183554,
    "domain_accuracies": {
        "QA": 0.3383333333333333,
        "blog": 0.5576923076923077,
        "news": 0.4869281045751634,
        "speech": 0.5352564102564102
    },
    "model_accuracies": {
        "other": 0.5833333333333334,
        "human": 0.5290322580645161,
        "GPT4": 0.35555555555555557
    },
    "classification_report": {
        "0": {
            "precision": 0.2847222222222222,
            "recall": 0.5290322580645161,
            "f1-score": 0.37020316027088035,
            "support": 465
        },
        "1": {
            "precision": 0.6711711711711712,
            "recall": 0.4197183098591549,
            "f1-score": 0.5164644714038128,
            "support": 1065
        },
        "accuracy": 0.45294117647058824,
        "macro avg": {
            "precision": 0.4779466966966967,
            "recall": 0.47437528396183554,
            "f1-score": 0.44333381583734655,
            "support": 1530
        },
        "weighted avg": {
            "precision": 0.5537210004121769,
            "recall": 0.45294117647058824,
            "f1-score": 0.4720125042947843,
            "support": 1530
        }
    }
}