{
    "overall_accuracy": 0.3477124183006536,
    "f1_score": 0.2709368750189484,
    "precision": 0.5784685833691589,
    "recall": 0.3477124183006536,
    "auc": 0.5005603513554445,
    "domain_accuracies": {
        "QA": 0.11333333333333333,
        "blog": 0.5128205128205128,
        "news": 0.49673202614379086,
        "speech": 0.48717948717948717
    },
    "model_accuracies": {
        "other": 0.19666666666666666,
        "human": 0.8903225806451613,
        "GPT4": 0.07712418300653595
    },
    "classification_report": {
        "0": {
            "precision": 0.3041880969875092,
            "recall": 0.8903225806451613,
            "f1-score": 0.4534501642935378,
            "support": 465
        },
        "1": {
            "precision": 0.6982248520710059,
            "recall": 0.1107981220657277,
            "f1-score": 0.1912479740680713,
            "support": 1065
        },
        "accuracy": 0.3477124183006536,
        "macro avg": {
            "precision": 0.5012064745292576,
            "recall": 0.5005603513554445,
            "f1-score": 0.3223490691808045,
            "support": 1530
        },
        "weighted avg": {
            "precision": 0.5784685833691589,
            "recall": 0.3477124183006536,
            "f1-score": 0.2709368750189484,
            "support": 1530
        }
    }
}