{
    "overall_accuracy": 0.42287581699346405,
    "f1_score": 0.416053859483368,
    "precision": 0.5927740550597709,
    "recall": 0.42287581699346405,
    "auc": 0.5127517794941693,
    "domain_accuracies": {
        "QA": 0.24833333333333332,
        "blog": 0.5224358974358975,
        "news": 0.5588235294117647,
        "speech": 0.5256410256410257
    },
    "model_accuracies": {
        "other": 0.36666666666666664,
        "human": 0.7419354838709677,
        "GPT4": 0.25098039215686274
    },
    "classification_report": {
        "0": {
            "precision": 0.31137184115523464,
            "recall": 0.7419354838709677,
            "f1-score": 0.43865225683407505,
            "support": 465
        },
        "1": {
            "precision": 0.7156398104265402,
            "recall": 0.28356807511737087,
            "f1-score": 0.406186953597848,
            "support": 1065
        },
        "accuracy": 0.42287581699346405,
        "macro avg": {
            "precision": 0.5135058257908874,
            "recall": 0.5127517794941693,
            "f1-score": 0.42241960521596156,
            "support": 1530
        },
        "weighted avg": {
            "precision": 0.5927740550597709,
            "recall": 0.42287581699346405,
            "f1-score": 0.416053859483368,
            "support": 1530
        }
    }
}