{
    "overall_accuracy": 0.3300653594771242,
    "f1_score": 0.21784068659888883,
    "precision": 0.5991857466728969,
    "recall": 0.3300653594771242,
    "auc": 0.5042404967439043,
    "domain_accuracies": {
        "QA": 0.055,
        "blog": 0.4967948717948718,
        "news": 0.5098039215686274,
        "speech": 0.5160256410256411
    },
    "model_accuracies": {
        "other": 0.10333333333333333,
        "human": 0.9483870967741935,
        "GPT4": 0.043137254901960784
    },
    "classification_report": {
        "0": {
            "precision": 0.3058252427184466,
            "recall": 0.9483870967741935,
            "f1-score": 0.46250655479811215,
            "support": 465
        },
        "1": {
            "precision": 0.7272727272727273,
            "recall": 0.06009389671361502,
            "f1-score": 0.11101474414570686,
            "support": 1065
        },
        "accuracy": 0.3300653594771242,
        "macro avg": {
            "precision": 0.5165489849955869,
            "recall": 0.5042404967439043,
            "f1-score": 0.2867606494719095,
            "support": 1530
        },
        "weighted avg": {
            "precision": 0.5991857466728969,
            "recall": 0.3300653594771242,
            "f1-score": 0.21784068659888883,
            "support": 1530
        }
    }
}