{
    "overall_accuracy": 0.768825741746761,
    "f1_score": 0.768058363836556,
    "precision": 0.772762,
    "recall": 0.768847,
    "auc": 0.850509639564124,
    "domain_accuracies": {
        "story": 0.767861619453497,
        "essay": 0.693661971830985,
        "news": 0.8445
    },
    "model_accuracies": {
        "human": 0.710666666666666,
        "GPT4": 0.843507588532883,
        "chatGPT": 0.811333333333333
    }

}