{
    "overall_accuracy": 0.76665273715002,
    "f1_score": 0.76336586023433,
    "precision": 0.782992,
    "recall": 0.766795,
    "auc": 0.82802349818385,
    "domain_accuracies": {
        "story": 0.78114815743294,
        "essay": 0.626760563380281,
        "news": 0.89125
    },
    "model_accuracies": {
        "human": 0.648333333333333,
        "GPT4": 0.901517706576728,
        "chatGPT": 0.87
    }

}