{
    "overall_accuracy": 0.786209778520685,
    "f1_score": 0.784992646892116,
    "precision": 0.793235,
    "recall": 0.786247,
    "auc": 0.866423805532271,
    "domain_accuracies": {
        "story": 0.785911255953873,
        "essay": 0.68033199195171,
        "news": 0.89175
    },
    "model_accuracies": {
        "human": 0.710333333333333,
        "GPT4": 0.877908937605396,
        "chatGPT": 0.847333333333333
    }

}